"README : units in K, MPa, kg/s. mflow will only be used if ComputeR1 is used",,,,,,
,fluid,T_1,P_1,T_5,P_5,mflow
1,R245fa,360,0.9,335.4,0.4,0.5
2,,,,,,
3,,,,,,
4,,,,,,
5,,,,,,
6,,,,,,
7,,,,,,
8,,,,,,
9,R290,339.41,1.4,310,0.693,1
10,R32,353,3.7147,318.88,2.2934,0.5
11,R32,333,2.816,318.88,2.2934,0.5
12,R1234yf,351.77,2.2115,320,0.94306,0.5
13,R1234yf,348.15,1.9192,320.15,0.94306,1
14,,,,,,
